{
    "loss": 3.145414352416992,
    "accuracy": 0.9229723811149597
}